<linker>
  <assembly fullname="Assembly-CSharp, Version=0.0.0.0, Culture=neutral, PublicKeyToken=null">
    <type fullname="Bullet" preserve="all" />
    <type fullname="ClientNetworkAnimator" preserve="all" />
    <type fullname="CombatGameManager" preserve="all" />
    <type fullname="Core" preserve="all" />
    <type fullname="Enemy" preserve="all" />
    <type fullname="EnemySpawner" preserve="all" />
    <type fullname="Gun" preserve="all" />
    <type fullname="HealthBar" preserve="all" />
    <type fullname="Player" preserve="all" />
    <type fullname="PlayerBoundaryLimiter" preserve="all" />
    <type fullname="PlayerCameraAgent" preserve="all" />
    <type fullname="PlayerMove" preserve="all" />
    <type fullname="Poolable" preserve="all" />
    <type fullname="UI_CombatHUD" preserve="all" />
    <type fullname="UI_DamageText" preserve="all" />
    <type fullname="UI_DialogueWindow" preserve="all" />
    <type fullname="UI_EntityHp" preserve="all" />
    <type fullname="UI_ExitPopup" preserve="all" />
    <type fullname="UI_GameJoinPopup" preserve="all" />
    <type fullname="UI_GameStartConfirmPopup" preserve="all" />
    <type fullname="UI_GameStatusHUD" preserve="all" />
    <type fullname="UI_LoadingPopup" preserve="all" />
    <type fullname="UI_LobbyView" preserve="all" />
    <type fullname="UI_LoginView" preserve="all" />
    <type fullname="UI_MainLobby" preserve="all" />
    <type fullname="UI_PlayPopup" preserve="all" />
    <type fullname="UI_PopupCombatResult" preserve="all" />
    <type fullname="UI_RewardItem" preserve="all" />
    <type fullname="UI_RewardPopup" preserve="all" />
    <type fullname="UI_SettingPopup" preserve="all" />
    <type fullname="UI_StatHUD" preserve="all" />
    <type fullname="WeaponUI" preserve="all" />
    <type fullname="eGameState" preserve="nothing" serialized="true" />
  </assembly>
  <assembly fullname="Unity.Addressables, Version=0.0.0.0, Culture=neutral, PublicKeyToken=null" preserve="all">
    <type fullname="UnityEngine.AddressableAssets.Addressables" preserve="all" />
  </assembly>
  <assembly fullname="Unity.Multiplayer.Center.NetcodeForGameObjectsExample, Version=0.0.0.0, Culture=neutral, PublicKeyToken=null">
    <type fullname="Unity.Multiplayer.Center.NetcodeForGameObjectsExample.ClientNetworkTransform" preserve="all" />
  </assembly>
  <assembly fullname="Unity.Netcode.Runtime, Version=0.0.0.0, Culture=neutral, PublicKeyToken=null">
    <type fullname="Unity.Netcode.Components.NetworkRigidbody2D" preserve="all" />
    <type fullname="Unity.Netcode.Components.NetworkTransform" preserve="all" />
    <type fullname="Unity.Netcode.NetworkManager" preserve="all" />
    <type fullname="Unity.Netcode.NetworkObject" preserve="all" />
    <type fullname="Unity.Netcode.NetworkPrefabsList" preserve="all" />
    <type fullname="Unity.Netcode.Transports.UTP.UnityTransport" preserve="all" />
    <type fullname="Unity.Netcode.NetworkConfig" preserve="nothing" serialized="true" />
    <type fullname="Unity.Netcode.NetworkPrefab" preserve="nothing" serialized="true" />
    <type fullname="Unity.Netcode.NetworkPrefabs" preserve="nothing" serialized="true" />
    <type fullname="Unity.Netcode.NetworkVariable`1" preserve="nothing" serialized="true" />
    <type fullname="Unity.Netcode.Transports.UTP.UnityTransport/ConnectionAddressData" preserve="nothing" serialized="true" />
    <type fullname="Unity.Netcode.Transports.UTP.UnityTransport/SimulatorParameters" preserve="nothing" serialized="true" />
  </assembly>
  <assembly fullname="Unity.ResourceManager, Version=0.0.0.0, Culture=neutral, PublicKeyToken=null" preserve="all">
    <type fullname="UnityEngine.ResourceManagement.ResourceProviders.AssetBundleProvider" preserve="all" />
    <type fullname="UnityEngine.ResourceManagement.ResourceProviders.BundledAssetProvider" preserve="all" />
    <type fullname="UnityEngine.ResourceManagement.ResourceProviders.InstanceProvider" preserve="all" />
    <type fullname="UnityEngine.ResourceManagement.ResourceProviders.SceneProvider" preserve="all" />
  </assembly>
  <assembly fullname="Unity.TextMeshPro, Version=0.0.0.0, Culture=neutral, PublicKeyToken=null">
    <type fullname="TMPro.TextMeshProUGUI" preserve="all" />
    <type fullname="TMPro.TMP_FontAsset" preserve="all" />
    <type fullname="TMPro.TMP_InputField" preserve="all" />
    <type fullname="TMPro.FaceInfo_Legacy" preserve="nothing" serialized="true" />
    <type fullname="TMPro.FontAssetCreationSettings" preserve="nothing" serialized="true" />
    <type fullname="TMPro.KerningTable" preserve="nothing" serialized="true" />
    <type fullname="TMPro.TMP_Character" preserve="nothing" serialized="true" />
    <type fullname="TMPro.TMP_FontFeatureTable" preserve="nothing" serialized="true" />
    <type fullname="TMPro.TMP_FontWeightPair" preserve="nothing" serialized="true" />
    <type fullname="TMPro.TMP_InputField/OnChangeEvent" preserve="nothing" serialized="true" />
    <type fullname="TMPro.TMP_InputField/SelectionEvent" preserve="nothing" serialized="true" />
    <type fullname="TMPro.TMP_InputField/SubmitEvent" preserve="nothing" serialized="true" />
    <type fullname="TMPro.TMP_InputField/TextSelectionEvent" preserve="nothing" serialized="true" />
    <type fullname="TMPro.TMP_InputField/TouchScreenKeyboardEvent" preserve="nothing" serialized="true" />
    <type fullname="TMPro.VertexGradient" preserve="nothing" serialized="true" />
  </assembly>
  <assembly fullname="UnityEngine.AnimationModule, Version=0.0.0.0, Culture=neutral, PublicKeyToken=null">
    <type fullname="UnityEngine.AnimationClip" preserve="all" />
    <type fullname="UnityEngine.Animator" preserve="all" />
    <type fullname="UnityEngine.AnimatorOverrideController" preserve="all" />
    <type fullname="UnityEngine.RuntimeAnimatorController" preserve="all" />
  </assembly>
  <assembly fullname="UnityEngine.AudioModule, Version=0.0.0.0, Culture=neutral, PublicKeyToken=null">
    <type fullname="UnityEngine.AudioClip" preserve="all" />
  </assembly>
  <assembly fullname="UnityEngine.CoreModule, Version=0.0.0.0, Culture=neutral, PublicKeyToken=null">
    <type fullname="UnityEngine.GameObject" preserve="all" />
    <type fullname="UnityEngine.Material" preserve="all" />
    <type fullname="UnityEngine.Object" preserve="all" />
    <type fullname="UnityEngine.RectTransform" preserve="all" />
    <type fullname="UnityEngine.Rendering.SortingGroup" preserve="all" />
    <type fullname="UnityEngine.Shader" preserve="all" />
    <type fullname="UnityEngine.Sprite" preserve="all" />
    <type fullname="UnityEngine.SpriteRenderer" preserve="all" />
    <type fullname="UnityEngine.TextAsset" preserve="all" />
    <type fullname="UnityEngine.Texture2D" preserve="all" />
    <type fullname="UnityEngine.Transform" preserve="all" />
    <type fullname="UnityEngine.Events.PersistentCallGroup" preserve="nothing" serialized="true" />
    <type fullname="UnityEngine.RectOffset" preserve="nothing" serialized="true" />
  </assembly>
  <assembly fullname="UnityEngine.Physics2DModule, Version=0.0.0.0, Culture=neutral, PublicKeyToken=null">
    <type fullname="UnityEngine.CapsuleCollider2D" preserve="all" />
    <type fullname="UnityEngine.CircleCollider2D" preserve="all" />
    <type fullname="UnityEngine.Rigidbody2D" preserve="all" />
  </assembly>
  <assembly fullname="UnityEngine.TextRenderingModule, Version=0.0.0.0, Culture=neutral, PublicKeyToken=null">
    <type fullname="UnityEngine.Font" preserve="all" />
  </assembly>
  <assembly fullname="UnityEngine.UI, Version=1.0.0.0, Culture=neutral, PublicKeyToken=null">
    <type fullname="UnityEngine.UI.Button" preserve="all" />
    <type fullname="UnityEngine.UI.ContentSizeFitter" preserve="all" />
    <type fullname="UnityEngine.UI.HorizontalLayoutGroup" preserve="all" />
    <type fullname="UnityEngine.UI.Image" preserve="all" />
    <type fullname="UnityEngine.UI.RectMask2D" preserve="all" />
    <type fullname="UnityEngine.UI.Slider" preserve="all" />
    <type fullname="UnityEngine.UI.VerticalLayoutGroup" preserve="all" />
    <type fullname="UnityEngine.UI.AnimationTriggers" preserve="nothing" serialized="true" />
    <type fullname="UnityEngine.UI.Button/ButtonClickedEvent" preserve="nothing" serialized="true" />
    <type fullname="UnityEngine.UI.ColorBlock" preserve="nothing" serialized="true" />
    <type fullname="UnityEngine.UI.MaskableGraphic/CullStateChangedEvent" preserve="nothing" serialized="true" />
    <type fullname="UnityEngine.UI.Navigation" preserve="nothing" serialized="true" />
    <type fullname="UnityEngine.UI.Slider/SliderEvent" preserve="nothing" serialized="true" />
    <type fullname="UnityEngine.UI.SpriteState" preserve="nothing" serialized="true" />
  </assembly>
  <assembly fullname="UnityEngine.UIModule, Version=0.0.0.0, Culture=neutral, PublicKeyToken=null">
    <type fullname="UnityEngine.CanvasGroup" preserve="all" />
    <type fullname="UnityEngine.CanvasRenderer" preserve="all" />
  </assembly>
  <assembly fullname="UnityEngine.TextCoreFontEngineModule">
    <type fullname="UnityEngine.TextCore.FaceInfo" preserve="nothing" serialized="true" />
    <type fullname="UnityEngine.TextCore.Glyph" preserve="nothing" serialized="true" />
    <type fullname="UnityEngine.TextCore.GlyphMetrics" preserve="nothing" serialized="true" />
    <type fullname="UnityEngine.TextCore.GlyphRect" preserve="nothing" serialized="true" />
    <type fullname="UnityEngine.TextCore.LowLevel.GlyphAdjustmentRecord" preserve="nothing" serialized="true" />
    <type fullname="UnityEngine.TextCore.LowLevel.GlyphPairAdjustmentRecord" preserve="nothing" serialized="true" />
    <type fullname="UnityEngine.TextCore.LowLevel.GlyphValueRecord" preserve="nothing" serialized="true" />
  </assembly>
</linker>